order_number,product_key,customer_id,order_date,shipping_date,due_date,quantity,price,sales_amount
SO43697,20,21768,12/29/2010,1/5/2011,1/10/2011,1,3578,3578
SO43698,9,28389,12/29/2010,1/5/2011,1/10/2011,1,3400,3400
SO43699,9,25863,12/29/2010,1/5/2011,1/10/2011,1,3400,3400
SO43700,41,14501,12/29/2010,1/5/2011,1/10/2011,1,699,699
SO43701,9,11003,12/29/2010,1/5/2011,1/10/2011,1,3400,3400
SO43702,16,27645,12/30/2010,1/6/2011,1/11/2011,1,3578,3578
SO43703,20,16624,12/30/2010,1/6/2011,1/11/2011,1,3578,3578
SO43704,6,11005,12/30/2010,1/6/2011,1/11/2011,1,3375,3375
SO43705,7,11011,12/30/2010,1/6/2011,1/11/2011,1,3400,3400
SO43706,17,27621,12/31/2010,1/7/2011,1/12/2011,1,3578,3578
SO43707,17,27616,12/31/2010,1/7/2011,1/12/2011,1,3578,3578
SO43708,44,20042,12/31/2010,1/7/2011,1/12/2011,1,699,699
SO43709,18,16351,12/31/2010,1/7/2011,1/12/2011,1,3578,3578
SO43710,19,16517,12/31/2010,1/7/2011,1/12/2011,1,3578,3578
SO43711,19,27606,1/1/2011,1/8/2011,1/13/2011,1,3578,3578
SO43712,16,13513,1/1/2011,1/8/2011,1/13/2011,1,3578,3578
SO43713,20,27601,1/2/2011,1/9/2011,1/14/2011,1,3578,3578
SO43714,16,13591,1/2/2011,1/9/2011,1/14/2011,1,3578,3578
SO43715,19,16483,1/2/2011,1/9/2011,1/14/2011,1,3578,3578
SO43716,16,16529,1/2/2011,1/9/2011,1/14/2011,1,3578,3578
SO43717,41,25249,1/2/2011,1/9/2011,1/14/2011,1,699,699
SO43718,16,27668,1/3/2011,1/10/2011,1/15/2011,1,3578,3578
SO43719,17,27612,1/3/2011,1/10/2011,1/15/2011,1,3578,3578
SO43720,16,13264,1/3/2011,1/10/2011,1/15/2011,1,3578,3578
SO43721,20,13590,1/3/2011,1/10/2011,1/15/2011,1,3578,3578
SO43722,17,13581,1/4/2011,1/11/2011,1/16/2011,1,3578,3578
SO43723,39,14520,1/4/2011,1/11/2011,1/16/2011,1,699,699
SO43724,16,16520,1/4/2011,1/11/2011,1/16/2011,1,3578,3578
SO43725,16,13258,1/5/2011,1/12/2011,1/17/2011,1,3578,3578
SO43726,39,14560,1/5/2011,1/12/2011,1/17/2011,1,699,699
SO43727,16,16607,1/5/2011,1/12/2011,1/17/2011,1,3578,3578
SO43728,18,27666,1/6/2011,1/13/2011,1/18/2011,1,3578,3578
SO43729,9,11238,1/6/2011,1/13/2011,1/18/2011,1,3400,3400
SO43730,9,25861,1/6/2011,1/13/2011,1/18/2011,1,3400,3400
SO43731,19,16629,1/6/2011,1/13/2011,1/18/2011,1,3578,3578
SO43732,5,11025,1/6/2011,1/13/2011,1/18/2011,1,3375,3375
SO43733,17,27577,1/6/2011,1/13/2011,1/18/2011,1,3578,3578
SO43734,17,27604,1/7/2011,1/14/2011,1/19/2011,1,3578,3578
SO43735,20,16522,1/7/2011,1/14/2011,1/19/2011,1,3578,3578
SO43736,9,11002,1/7/2011,1/14/2011,1/19/2011,1,3400,3400
SO43737,16,13261,1/8/2011,1/15/2011,1/20/2011,1,3578,3578
SO43738,17,11606,1/8/2011,1/15/2011,1/20/2011,1,3578,3578
SO43739,20,13563,1/8/2011,1/15/2011,1/20/2011,1,3578,3578
SO43740,17,16527,1/8/2011,1/15/2011,1/20/2011,1,3578,3578
SO43741,20,27671,1/9/2011,1/16/2011,1/21/2011,1,3578,3578
SO43742,19,13576,1/9/2011,1/16/2011,1/21/2011,1,3578,3578
SO43743,10,11007,1/9/2011,1/16/2011,1/21/2011,1,3400,3400
SO43744,18,16631,1/9/2011,1/16/2011,1/21/2011,1,3578,3578
SO43745,16,16514,1/10/2011,1/17/2011,1/22/2011,1,3578,3578
SO43746,17,16616,1/10/2011,1/17/2011,1/22/2011,1,3578,3578
SO43747,19,27623,1/11/2011,1/18/2011,1/23/2011,1,3578,3578
SO43748,18,27625,1/11/2011,1/18/2011,1/23/2011,1,3578,3578
SO43749,19,27636,1/11/2011,1/18/2011,1/23/2011,1,3578,3578
SO43750,16,11591,1/11/2011,1/18/2011,1/23/2011,1,3578,3578
SO43751,18,11592,1/11/2011,1/18/2011,1/23/2011,1,3578,3578
SO43752,16,13265,1/11/2011,1/18/2011,1/23/2011,1,3578,3578
SO43753,20,16482,1/11/2011,1/18/2011,1/23/2011,1,3578,3578
SO43754,17,27617,1/12/2011,1/19/2011,1/24/2011,1,3578,3578
SO43755,16,27670,1/12/2011,1/19/2011,1/24/2011,1,3578,3578
SO43756,39,19941,1/12/2011,1/19/2011,1/24/2011,1,699,699
SO43757,5,11017,1/12/2011,1/19/2011,1/24/2011,1,3375,3375
SO43758,20,27646,1/13/2011,1/20/2011,1/25/2011,1,3578,3578
SO43759,20,13257,1/13/2011,1/20/2011,1/25/2011,1,3578,3578
SO43760,19,16352,1/13/2011,1/20/2011,1/25/2011,1,3578,3578
SO43761,20,16493,1/13/2011,1/20/2011,1/25/2011,1,3578,3578
SO43762,19,27578,1/14/2011,1/21/2011,1/26/2011,1,3578,3578
SO43763,18,16525,1/14/2011,1/21/2011,1/26/2011,1,3578,3578
SO43764,20,16612,1/14/2011,1/21/2011,1/26/2011,1,3578,3578
SO43765,9,11010,1/14/2011,1/21/2011,1/26/2011,1,3400,3400
SO43766,18,16518,1/15/2011,1/22/2011,1/27/2011,1,3578,3578
SO43767,5,11001,1/15/2011,1/22/2011,1/27/2011,1,3375,3375
SO43768,17,27649,1/16/2011,1/23/2011,1/28/2011,1,3578,3578
SO43769,17,21659,1/16/2011,1/23/2011,1/28/2011,1,3578,3578
SO43770,17,27614,1/16/2011,1/23/2011,1/28/2011,1,3578,3578
SO43771,44,14559,1/16/2011,1/23/2011,1/28/2011,1,699,699
SO43772,17,16524,1/16/2011,1/23/2011,1/28/2011,1,3578,3578
SO43773,19,16526,1/16/2011,1/23/2011,1/28/2011,1,3578,3578
SO43774,18,16348,1/16/2011,1/23/2011,1/28/2011,1,3578,3578
SO43775,10,11027,1/16/2011,1/23/2011,1/28/2011,1,3400,3400
SO43776,19,13260,1/17/2011,1/24/2011,1/29/2011,1,3578,3578
SO43777,16,16515,1/17/2011,1/24/2011,1/29/2011,1,3578,3578
SO43778,8,11018,1/17/2011,1/24/2011,1/29/2011,1,3400,3400
SO43779,42,25252,1/17/2011,1/24/2011,1/29/2011,1,699,699
SO43780,16,11599,1/18/2011,1/25/2011,1/30/2011,1,3578,3578
SO43781,17,16495,1/18/2011,1/25/2011,1/30/2011,1,3578,3578
SO43782,17,16516,1/18/2011,1/25/2011,1/30/2011,1,3578,3578
SO43783,17,16620,1/18/2011,1/25/2011,1/30/2011,1,3578,3578
SO43784,20,27667,1/19/2011,1/26/2011,1/31/2011,1,3578,3578
SO43785,16,11601,1/19/2011,1/26/2011,1/31/2011,1,3578,3578
SO43786,16,11607,1/19/2011,1/26/2011,1/31/2011,1,3578,3578
SO43787,7,29385,1/19/2011,1/26/2011,1/31/2011,1,3400,3400
SO43788,6,11239,1/19/2011,1/26/2011,1/31/2011,1,3375,3375
SO43789,6,25865,1/19/2011,1/26/2011,1/31/2011,1,3375,3375
SO43790,7,25857,1/19/2011,1/26/2011,1/31/2011,1,3400,3400
SO43791,19,16484,1/19/2011,1/26/2011,1/31/2011,1,3578,3578
SO43792,17,16623,1/19/2011,1/26/2011,1/31/2011,1,3578,3578
SO43793,7,11000,1/19/2011,1/26/2011,1/31/2011,1,3400,3400
SO43794,10,11029,1/19/2011,1/26/2011,1/31/2011,1,3400,3400
SO43795,17,27615,1/20/2011,1/27/2011,2/1/2011,1,3578,3578
SO43796,38,17956,1/20/2011,1/27/2011,2/1/2011,1,699,699
SO43797,17,16345,1/20/2011,1/27/2011,2/1/2011,1,3578,3578
SO43798,20,16521,1/20/2011,1/27/2011,2/1/2011,1,3578,3578
SO43799,17,16636,1/20/2011,1/27/2011,2/1/2011,1,3578,3578
SO43800,16,21710,1/21/2011,1/28/2011,2/2/2011,1,3578,3578
SO43801,16,13583,1/21/2011,1/28/2011,2/2/2011,1,3578,3578
SO43802,17,11593,1/21/2011,1/28/2011,2/2/2011,1,3578,3578
SO43803,19,21741,1/22/2011,1/29/2011,2/3/2011,1,3578,3578
SO43804,20,13585,1/22/2011,1/29/2011,2/3/2011,1,3578,3578
SO43805,43,14510,1/22/2011,1/29/2011,2/3/2011,1,699,699
SO43806,17,16523,1/22/2011,1/29/2011,2/3/2011,1,3578,3578
SO43807,17,11611,1/23/2011,1/30/2011,2/4/2011,1,3578,3578
SO43808,18,13259,1/23/2011,1/30/2011,2/4/2011,1,3578,3578
SO43809,20,16350,1/23/2011,1/30/2011,2/4/2011,1,3578,3578
SO43810,8,11004,1/23/2011,1/30/2011,2/4/2011,1,3400,3400
SO43811,9,11026,1/23/2011,1/30/2011,2/4/2011,1,3400,3400
SO43812,17,27662,1/24/2011,1/31/2011,2/5/2011,1,3578,3578
SO43813,5,28390,1/24/2011,1/31/2011,2/5/2011,1,3375,3375
SO43814,5,25866,1/24/2011,1/31/2011,2/5/2011,1,3375,3375
SO43815,16,16494,1/24/2011,1/31/2011,2/5/2011,1,3578,3578
SO43816,19,16496,1/24/2011,1/31/2011,2/5/2011,1,3578,3578
SO43817,20,16519,1/24/2011,1/31/2011,2/5/2011,1,3578,3578
SO43818,17,16528,1/24/2011,1/31/2011,2/5/2011,1,3578,3578
SO43819,9,11006,1/24/2011,1/31/2011,2/5/2011,1,3400,3400
SO43820,17,27651,1/25/2011,2/1/2011,2/6/2011,1,3578,3578
SO43821,20,27663,1/25/2011,2/1/2011,2/6/2011,1,3578,3578
SO43822,18,27669,1/25/2011,2/1/2011,2/6/2011,1,3578,3578
SO43823,38,19942,1/25/2011,2/1/2011,2/6/2011,1,699,699
SO43824,36,14558,1/25/2011,2/1/2011,2/6/2011,1,699,699
SO43825,18,16349,1/25/2011,2/1/2011,2/6/2011,1,3578,3578
SO43826,3,11008,1/25/2011,2/1/2011,2/6/2011,1,3375,3375
SO43827,36,25250,1/25/2011,2/1/2011,2/6/2011,1,699,699
SO43828,20,27605,1/26/2011,2/2/2011,2/7/2011,1,3578,3578
SO43829,20,27611,1/26/2011,2/2/2011,2/7/2011,1,3578,3578
SO43830,16,16347,1/26/2011,2/2/2011,2/7/2011,1,3578,3578
SO43831,4,11028,1/26/2011,2/2/2011,2/7/2011,1,3375,3375
SO43832,20,13584,1/26/2011,2/2/2011,2/7/2011,1,3578,3578
SO43833,20,21727,1/27/2011,2/3/2011,2/8/2011,1,3578,3578
SO43834,3,28393,1/27/2011,2/3/2011,2/8/2011,1,3375,3375
SO43835,3,19802,1/27/2011,2/3/2011,2/8/2011,1,3375,3375
SO43836,47,26620,1/27/2011,2/3/2011,2/8/2011,1,699,699
SO43837,5,11009,1/27/2011,2/3/2011,2/8/2011,1,3375,3375
SO43838,18,27641,1/28/2011,2/4/2011,2/9/2011,1,3578,3578
SO43839,16,27673,1/28/2011,2/4/2011,2/9/2011,1,3578,3578
SO43840,42,17957,1/28/2011,2/4/2011,2/9/2011,1,699,699
SO43841,19,13406,1/28/2011,2/4/2011,2/9/2011,1,3578,3578
SO43842,17,16630,1/28/2011,2/4/2011,2/9/2011,1,3578,3578
SO43918,18,22041,1/29/2011,2/5/2011,2/10/2011,1,3578,3578
SO43919,19,12124,1/29/2011,2/5/2011,2/10/2011,1,3578,3578
SO43920,18,28066,1/29/2011,2/5/2011,2/10/2011,1,3578,3578
SO43921,18,16743,1/29/2011,2/5/2011,2/10/2011,1,3578,3578
SO43922,20,13546,1/29/2011,2/5/2011,2/10/2011,1,3578,3578
SO43923,17,28018,1/30/2011,2/6/2011,2/11/2011,1,3578,3578
SO43924,20,12132,1/30/2011,2/6/2011,2/11/2011,1,3578,3578
SO43925,19,16661,1/30/2011,2/6/2011,2/11/2011,1,3578,3578
SO43926,6,11055,1/31/2011,2/7/2011,2/12/2011,1,3375,3375
SO43927,19,16662,1/31/2011,2/7/2011,2/12/2011,1,3578,3578
SO43928,18,16740,1/31/2011,2/7/2011,2/12/2011,1,3578,3578
SO43929,46,25270,1/31/2011,2/7/2011,2/12/2011,1,699,699
SO43930,17,28038,2/1/2011,2/8/2011,2/13/2011,1,3578,3578
SO43931,18,13548,2/1/2011,2/8/2011,2/13/2011,1,3578,3578
SO43932,19,16741,2/1/2011,2/8/2011,2/13/2011,1,3578,3578
SO43933,10,11031,2/1/2011,2/8/2011,2/13/2011,1,3400,3400
SO43934,9,11034,2/1/2011,2/8/2011,2/13/2011,1,3400,3400
SO43935,40,20048,2/2/2011,2/9/2011,2/14/2011,1,699,699
SO43936,16,28065,2/2/2011,2/9/2011,2/14/2011,1,3578,3578
SO43937,17,17047,2/2/2011,2/9/2011,2/14/2011,1,3578,3578
SO43938,20,16686,2/2/2011,2/9/2011,2/14/2011,1,3578,3578
SO43939,17,16659,2/2/2011,2/9/2011,2/14/2011,1,3578,3578
SO43940,41,25294,2/2/2011,2/9/2011,2/14/2011,1,699,699
SO43941,19,13600,2/3/2011,2/10/2011,2/15/2011,1,3578,3578
SO43942,20,17051,2/3/2011,2/10/2011,2/15/2011,1,3578,3578
SO43943,36,14565,2/3/2011,2/10/2011,2/15/2011,1,699,699
SO43944,7,11054,2/3/2011,2/10/2011,2/15/2011,1,3400,3400
SO43945,20,16675,2/3/2011,2/10/2011,2/15/2011,1,3578,3578
SO43946,18,16687,2/3/2011,2/10/2011,2/15/2011,1,3578,3578
SO43947,20,16712,2/3/2011,2/10/2011,2/15/2011,1,3578,3578
SO43948,8,11047,2/3/2011,2/10/2011,2/15/2011,1,3400,3400
SO43949,20,27726,2/4/2011,2/11/2011,2/16/2011,1,3578,3578
SO43950,16,28014,2/4/2011,2/11/2011,2/16/2011,1,3578,3578
SO43951,16,16696,2/4/2011,2/11/2011,2/16/2011,1,3578,3578
SO43952,17,16639,2/4/2011,2/11/2011,2/16/2011,1,3578,3578
SO43953,38,20049,2/5/2011,2/12/2011,2/17/2011,1,699,699
SO43954,16,13602,2/5/2011,2/12/2011,2/17/2011,1,3578,3578
SO43955,19,13661,2/5/2011,2/12/2011,2/17/2011,1,3578,3578
SO43956,7,11030,2/5/2011,2/12/2011,2/17/2011,1,3400,3400
SO43957,18,28068,2/6/2011,2/13/2011,2/18/2011,1,3578,3578
SO43958,17,16658,2/6/2011,2/13/2011,2/18/2011,1,3578,3578
SO43959,3,11035,2/6/2011,2/13/2011,2/18/2011,1,3375,3375
SO43960,4,11046,2/6/2011,2/13/2011,2/18/2011,1,3375,3375
SO43961,16,28031,2/7/2011,2/14/2011,2/19/2011,1,3578,3578
SO43962,17,28076,2/7/2011,2/14/2011,2/19/2011,1,3578,3578
SO43963,19,16685,2/7/2011,2/14/2011,2/19/2011,1,3578,3578
SO43964,17,16745,2/7/2011,2/14/2011,2/19/2011,1,3578,3578
SO43965,6,11038,2/7/2011,2/14/2011,2/19/2011,1,3375,3375
SO43966,10,11039,2/7/2011,2/14/2011,2/19/2011,1,3400,3400
SO43967,18,28040,2/8/2011,2/15/2011,2/20/2011,1,3578,3578
SO43968,18,28067,2/8/2011,2/15/2011,2/20/2011,1,3578,3578
SO43969,20,28071,2/8/2011,2/15/2011,2/20/2011,1,3578,3578
SO43970,16,16684,2/8/2011,2/15/2011,2/20/2011,1,3578,3578
SO43971,19,16657,2/8/2011,2/15/2011,2/20/2011,1,3578,3578
SO43972,19,21939,2/9/2011,2/16/2011,2/21/2011,1,3578,3578
SO43973,17,28039,2/9/2011,2/16/2011,2/21/2011,1,3578,3578
SO43974,17,13687,2/9/2011,2/16/2011,2/21/2011,1,3578,3578
SO43975,17,13540,2/9/2011,2/16/2011,2/21/2011,1,3578,3578
SO43976,20,28063,2/9/2011,2/16/2011,2/21/2011,1,3578,3578
SO43977,17,16703,2/9/2011,2/16/2011,2/21/2011,1,3578,3578
SO43978,20,28030,2/10/2011,2/17/2011,2/22/2011,1,3578,3578
SO43979,46,14576,2/10/2011,2/17/2011,2/22/2011,1,699,699
SO43980,6,11048,2/10/2011,2/17/2011,2/22/2011,1,3375,3375
SO43981,19,16664,2/10/2011,2/17/2011,2/22/2011,1,3578,3578
SO43982,38,25271,2/10/2011,2/17/2011,2/22/2011,1,699,699
SO43983,19,28017,2/11/2011,2/18/2011,2/23/2011,1,3578,3578
SO43984,16,13545,2/11/2011,2/18/2011,2/23/2011,1,3578,3578
SO43985,18,13515,2/11/2011,2/18/2011,2/23/2011,1,3578,3578
SO43986,20,28070,2/11/2011,2/18/2011,2/23/2011,1,3578,3578
SO43987,20,28042,2/12/2011,2/19/2011,2/24/2011,1,3578,3578
SO43988,7,11244,2/12/2011,2/19/2011,2/24/2011,1,3400,3400
SO43989,17,28083,2/12/2011,2/19/2011,2/24/2011,1,3578,3578
SO43990,7,25872,2/12/2011,2/19/2011,2/24/2011,1,3400,3400
SO43991,20,16660,2/12/2011,2/19/2011,2/24/2011,1,3578,3578
SO43992,16,16638,2/12/2011,2/19/2011,2/24/2011,1,3578,3578
SO43993,19,16929,2/14/2011,2/21/2011,2/26/2011,1,3578,3578
SO43994,19,27681,2/15/2011,2/22/2011,2/27/2011,1,3578,3578
SO43995,17,21813,2/15/2011,2/22/2011,2/27/2011,1,3578,3578
SO43996,20,27920,2/15/2011,2/22/2011,2/27/2011,1,3578,3578
SO43997,20,28022,2/15/2011,2/22/2011,2/27/2011,1,3578,3578
SO43998,3,11033,2/15/2011,2/22/2011,2/27/2011,1,3375,3375
SO43999,16,28047,2/15/2011,2/22/2011,2/27/2011,1,3578,3578
SO44000,16,27918,2/16/2011,2/23/2011,2/28/2011,1,3578,3578
SO44001,18,28044,2/16/2011,2/23/2011,2/28/2011,1,3578,3578
SO44002,41,14572,2/16/2011,2/23/2011,2/28/2011,1,699,699
SO44003,38,19325,2/16/2011,2/23/2011,2/28/2011,1,699,699
SO44004,20,28061,2/16/2011,2/23/2011,2/28/2011,1,3578,3578
SO44005,40,26629,2/16/2011,2/23/2011,2/28/2011,1,699,699
SO44006,20,16744,2/16/2011,2/23/2011,2/28/2011,1,3578,3578
SO44007,45,25555,2/16/2011,2/23/2011,2/28/2011,1,699,699
SO44008,17,27678,2/17/2011,2/24/2011,3/1/2011,1,3578,3578
SO44009,19,27759,2/17/2011,2/24/2011,3/1/2011,1,3578,3578
SO44010,20,13680,2/17/2011,2/24/2011,3/1/2011,1,3578,3578
SO44011,20,13514,2/17/2011,2/24/2011,3/1/2011,1,3578,3578
SO44012,4,11052,2/17/2011,2/24/2011,3/1/2011,1,3375,3375
SO44013,17,16928,2/17/2011,2/24/2011,3/1/2011,1,3578,3578
SO44014,18,27917,2/18/2011,2/25/2011,3/2/2011,1,3578,3578
SO44015,16,13693,2/18/2011,2/25/2011,3/2/2011,1,3578,3578
SO44016,5,11247,2/18/2011,2/25/2011,3/2/2011,1,3375,3375
SO44017,20,28078,2/18/2011,2/25/2011,3/2/2011,1,3578,3578
SO44018,5,25876,2/18/2011,2/25/2011,3/2/2011,1,3375,3375
SO44019,20,16701,2/18/2011,2/25/2011,3/2/2011,1,3578,3578
SO44020,16,16931,2/18/2011,2/25/2011,3/2/2011,1,3578,3578
SO44021,3,11032,2/18/2011,2/25/2011,3/2/2011,1,3375,3375
SO44022,18,22008,2/19/2011,2/26/2011,3/3/2011,1,3578,3578
SO44023,4,19830,2/19/2011,2/26/2011,3/3/2011,1,3375,3375
SO44024,19,16663,2/19/2011,2/26/2011,3/3/2011,1,3578,3578
SO44025,19,16708,2/19/2011,2/26/2011,3/3/2011,1,3578,3578
SO44026,20,17045,2/19/2011,2/26/2011,3/3/2011,1,3578,3578
SO44027,20,21921,2/20/2011,2/27/2011,3/4/2011,1,3578,3578
SO44028,17,17048,2/20/2011,2/27/2011,3/4/2011,1,3578,3578
SO44029,5,11050,2/20/2011,2/27/2011,3/4/2011,1,3375,3375
SO44030,16,12131,2/21/2011,2/28/2011,3/5/2011,1,3578,3578
SO44031,18,13689,2/21/2011,2/28/2011,3/5/2011,1,3578,3578
SO44032,7,11243,2/21/2011,2/28/2011,3/5/2011,1,3400,3400
SO44033,19,16693,2/21/2011,2/28/2011,3/5/2011,1,3578,3578
SO44034,18,16702,2/21/2011,2/28/2011,3/5/2011,1,3578,3578
SO44035,17,16707,2/21/2011,2/28/2011,3/5/2011,1,3578,3578
SO44036,20,17046,2/21/2011,2/28/2011,3/5/2011,1,3578,3578
SO44037,43,25272,2/21/2011,2/28/2011,3/5/2011,1,699,699
SO44038,7,25868,2/21/2011,2/28/2011,3/5/2011,1,3400,3400
SO44039,38,17971,2/22/2011,3/1/2011,3/6/2011,1,699,699
SO44040,6,11057,2/22/2011,3/1/2011,3/6/2011,1,3375,3375
SO44041,18,16742,2/22/2011,3/1/2011,3/6/2011,1,3578,3578
SO44042,18,13678,2/23/2011,3/2/2011,3/7/2011,1,3578,3578
SO44043,16,13679,2/23/2011,3/2/2011,3/7/2011,1,3578,3578
SO44044,19,13690,2/23/2011,3/2/2011,3/7/2011,1,3578,3578
SO44045,7,28394,2/23/2011,3/2/2011,3/7/2011,1,3400,3400
SO44046,18,28064,2/23/2011,3/2/2011,3/7/2011,1,3578,3578
SO44047,7,25878,2/23/2011,3/2/2011,3/7/2011,1,3400,3400
SO44048,19,16713,2/23/2011,3/2/2011,3/7/2011,1,3578,3578
SO44049,19,13538,2/24/2011,3/3/2011,3/8/2011,1,3578,3578
SO44050,20,17050,2/24/2011,3/3/2011,3/8/2011,1,3578,3578
SO44051,20,13691,2/25/2011,3/4/2011,3/9/2011,1,3578,3578
SO44052,19,16637,2/25/2011,3/4/2011,3/9/2011,1,3578,3578
SO44053,36,19329,2/26/2011,3/5/2011,3/10/2011,1,699,699
SO44054,19,13542,2/26/2011,3/5/2011,3/10/2011,1,3578,3578
SO44055,20,13543,2/26/2011,3/5/2011,3/10/2011,1,3578,3578
SO44056,19,13559,2/26/2011,3/5/2011,3/10/2011,1,3578,3578
SO44057,36,14577,2/26/2011,3/5/2011,3/10/2011,1,699,699
SO44058,5,11056,2/26/2011,3/5/2011,3/10/2011,1,3375,3375
SO44059,18,16688,2/26/2011,3/5/2011,3/10/2011,1,3578,3578
SO44060,38,25273,2/26/2011,3/5/2011,3/10/2011,1,699,699
SO44061,20,27919,2/27/2011,3/6/2011,3/11/2011,1,3578,3578
SO44062,20,28041,2/27/2011,3/6/2011,3/11/2011,1,3578,3578
SO44063,7,11240,2/27/2011,3/6/2011,3/11/2011,1,3400,3400
SO44064,20,22050,2/27/2011,3/6/2011,3/11/2011,1,3578,3578
SO44065,20,28062,2/27/2011,3/6/2011,3/11/2011,1,3578,3578
SO44066,7,25867,2/27/2011,3/6/2011,3/11/2011,1,3400,3400
SO44067,20,17049,2/27/2011,3/6/2011,3/11/2011,1,3578,3578
SO44068,18,13541,2/28/2011,3/7/2011,3/12/2011,1,3578,3578
SO44069,4,28395,2/28/2011,3/7/2011,3/12/2011,1,3375,3375
SO44070,4,19829,2/28/2011,3/7/2011,3/12/2011,1,3375,3375
SO44071,18,16691,2/28/2011,3/7/2011,3/12/2011,1,3578,3578
SO44072,16,16656,2/28/2011,3/7/2011,3/12/2011,1,3578,3578
SO44073,6,11044,2/28/2011,3/7/2011,3/12/2011,1,3375,3375
SO44134,20,13821,3/1/2011,3/8/2011,3/13/2011,1,3578,3578
SO44135,20,28156,3/1/2011,3/8/2011,3/13/2011,1,3578,3578
SO44136,16,22114,3/1/2011,3/8/2011,3/13/2011,1,3578,3578
SO44137,19,17328,3/1/2011,3/8/2011,3/13/2011,1,3578,3578
SO44138,20,13765,3/2/2011,3/9/2011,3/14/2011,1,3578,3578
SO44139,16,13792,3/2/2011,3/9/2011,3/14/2011,1,3578,3578
SO44140,16,12221,3/2/2011,3/9/2011,3/14/2011,1,3578,3578
SO44141,18,13572,3/2/2011,3/9/2011,3/14/2011,1,3578,3578
SO44142,18,22058,3/2/2011,3/9/2011,3/14/2011,1,3578,3578
SO44143,18,28145,3/2/2011,3/9/2011,3/14/2011,1,3578,3578
SO44144,17,17071,3/2/2011,3/9/2011,3/14/2011,1,3578,3578
SO44145,20,17309,3/2/2011,3/9/2011,3/14/2011,1,3578,3578
SO44146,18,17310,3/2/2011,3/9/2011,3/14/2011,1,3578,3578
SO44147,20,17320,3/2/2011,3/9/2011,3/14/2011,1,3578,3578
SO44148,20,28172,3/3/2011,3/10/2011,3/15/2011,1,3578,3578
SO44149,17,17242,3/3/2011,3/10/2011,3/15/2011,1,3578,3578
SO44150,17,17315,3/3/2011,3/10/2011,3/15/2011,1,3578,3578
SO44151,43,25558,3/3/2011,3/10/2011,3/15/2011,1,699,699
SO44152,9,11334,3/4/2011,3/11/2011,3/16/2011,1,3400,3400
SO44153,17,28168,3/4/2011,3/11/2011,3/16/2011,1,3578,3578
SO44154,16,28181,3/4/2011,3/11/2011,3/16/2011,1,3578,3578
SO44155,18,28131,3/4/2011,3/11/2011,3/16/2011,1,3578,3578
SO44156,9,25887,3/4/2011,3/11/2011,3/16/2011,1,3400,3400
SO44157,19,17055,3/4/2011,3/11/2011,3/16/2011,1,3578,3578
SO44158,16,13567,3/5/2011,3/12/2011,3/17/2011,1,3578,3578
SO44159,16,28182,3/5/2011,3/12/2011,3/17/2011,1,3578,3578
SO44160,17,28186,3/5/2011,3/12/2011,3/17/2011,1,3578,3578
SO44161,19,13772,3/6/2011,3/13/2011,3/18/2011,1,3578,3578
SO44162,16,28185,3/6/2011,3/13/2011,3/18/2011,1,3578,3578
SO44163,19,28193,3/6/2011,3/13/2011,3/18/2011,1,3578,3578
SO44164,20,28088,3/6/2011,3/13/2011,3/18/2011,1,3578,3578
SO44165,18,17065,3/6/2011,3/13/2011,3/18/2011,1,3578,3578
SO44166,36,14581,3/6/2011,3/13/2011,3/18/2011,1,699,699
SO44167,19,17308,3/6/2011,3/13/2011,3/18/2011,1,3578,3578
SO44168,18,12211,3/7/2011,3/14/2011,3/19/2011,1,3578,3578
SO44169,16,28179,3/7/2011,3/14/2011,3/19/2011,1,3578,3578
SO44170,19,28183,3/7/2011,3/14/2011,3/19/2011,1,3578,3578
SO44171,18,28112,3/7/2011,3/14/2011,3/19/2011,1,3578,3578
SO44172,36,14584,3/7/2011,3/14/2011,3/19/2011,1,699,699
SO44173,17,13784,3/8/2011,3/15/2011,3/20/2011,1,3578,3578
SO44174,16,17229,3/8/2011,3/15/2011,3/20/2011,1,3578,3578
SO44175,18,17246,3/8/2011,3/15/2011,3/20/2011,1,3578,3578
SO44176,19,12220,3/9/2011,3/16/2011,3/21/2011,1,3578,3578
SO44177,5,11337,3/9/2011,3/16/2011,3/21/2011,1,3375,3375
SO44178,17,28097,3/9/2011,3/16/2011,3/21/2011,1,3578,3578
SO44179,5,25888,3/9/2011,3/16/2011,3/21/2011,1,3375,3375
SO44180,10,11058,3/9/2011,3/16/2011,3/21/2011,1,3400,3400
SO44181,17,17294,3/9/2011,3/16/2011,3/21/2011,1,3578,3578
SO44182,20,17299,3/9/2011,3/16/2011,3/21/2011,1,3578,3578
SO44183,20,28158,3/10/2011,3/17/2011,3/22/2011,1,3578,3578
SO44184,19,17247,3/10/2011,3/17/2011,3/22/2011,1,3578,3578
SO44185,20,17280,3/10/2011,3/17/2011,3/22/2011,1,3578,3578
SO44186,10,25889,3/12/2011,3/19/2011,3/24/2011,1,3400,3400
SO44187,18,17069,3/12/2011,3/19/2011,3/24/2011,1,3578,3578
SO44188,40,20052,3/13/2011,3/20/2011,3/25/2011,1,699,699
SO44189,46,20054,3/13/2011,3/20/2011,3/25/2011,1,699,699
SO44190,3,11061,3/13/2011,3/20/2011,3/25/2011,1,3375,3375
SO44191,20,17248,3/13/2011,3/20/2011,3/25/2011,1,3578,3578
SO44192,17,13570,3/14/2011,3/21/2011,3/26/2011,1,3578,3578
SO44193,17,28164,3/14/2011,3/21/2011,3/26/2011,1,3578,3578
SO44194,20,17064,3/14/2011,3/21/2011,3/26/2011,1,3578,3578
SO44195,18,17249,3/14/2011,3/21/2011,3/26/2011,1,3578,3578
SO44196,19,17295,3/14/2011,3/21/2011,3/26/2011,1,3578,3578
SO44197,17,28096,3/15/2011,3/22/2011,3/27/2011,1,3578,3578
SO44198,20,28150,3/15/2011,3/22/2011,3/27/2011,1,3578,3578
SO44199,18,17259,3/15/2011,3/22/2011,3/27/2011,1,3578,3578
SO44200,16,17312,3/15/2011,3/22/2011,3/27/2011,1,3578,3578
SO44201,18,12254,3/16/2011,3/23/2011,3/28/2011,1,3578,3578
SO44202,16,28159,3/16/2011,3/23/2011,3/28/2011,1,3578,3578
SO44203,17,28149,3/16/2011,3/23/2011,3/28/2011,1,3578,3578
SO44204,41,14580,3/16/2011,3/23/2011,3/28/2011,1,699,699
SO44205,17,17285,3/16/2011,3/23/2011,3/28/2011,1,3578,3578
SO44206,10,11250,3/17/2011,3/24/2011,3/29/2011,1,3400,3400
SO44207,18,28162,3/17/2011,3/24/2011,3/29/2011,1,3578,3578
SO44208,10,25879,3/17/2011,3/24/2011,3/29/2011,1,3400,3400
SO44209,16,17257,3/17/2011,3/24/2011,3/29/2011,1,3578,3578
SO44210,20,13783,3/18/2011,3/25/2011,3/30/2011,1,3578,3578
SO44211,18,28154,3/18/2011,3/25/2011,3/30/2011,1,3578,3578
SO44212,17,28170,3/18/2011,3/25/2011,3/30/2011,1,3578,3578
SO44213,20,17351,3/18/2011,3/25/2011,3/30/2011,1,3578,3578
SO44214,16,17332,3/18/2011,3/25/2011,3/30/2011,1,3578,3578
SO44215,17,28180,3/19/2011,3/26/2011,3/31/2011,1,3578,3578
SO44216,19,13560,3/19/2011,3/26/2011,3/31/2011,1,3578,3578
SO44217,20,28148,3/19/2011,3/26/2011,3/31/2011,1,3578,3578
SO44218,16,22109,3/19/2011,3/26/2011,3/31/2011,1,3578,3578
SO44219,36,14590,3/19/2011,3/26/2011,3/31/2011,1,699,699
SO44220,8,11060,3/19/2011,3/26/2011,3/31/2011,1,3400,3400
SO44221,19,17255,3/19/2011,3/26/2011,3/31/2011,1,3578,3578
SO44222,16,17258,3/19/2011,3/26/2011,3/31/2011,1,3578,3578
SO44223,20,13847,3/20/2011,3/27/2011,4/1/2011,1,3578,3578
SO44224,19,28166,3/20/2011,3/27/2011,4/1/2011,1,3578,3578
SO44225,46,20060,3/21/2011,3/28/2011,4/2/2011,1,699,699
SO44226,18,12255,3/21/2011,3/28/2011,4/2/2011,1,3578,3578
SO44227,4,28401,3/21/2011,3/28/2011,4/2/2011,1,3375,3375
SO44228,7,11333,3/21/2011,3/28/2011,4/2/2011,1,3400,3400
SO44229,7,25886,3/21/2011,3/28/2011,4/2/2011,1,3400,3400
SO44230,17,17241,3/21/2011,3/28/2011,4/2/2011,1,3578,3578
SO44231,40,17973,3/21/2011,3/28/2011,4/2/2011,1,699,699
SO44232,17,17334,3/21/2011,3/28/2011,4/2/2011,1,3578,3578
SO44233,20,13841,3/22/2011,3/29/2011,4/3/2011,1,3578,3578
SO44234,17,28184,3/22/2011,3/29/2011,4/3/2011,1,3578,3578
SO44235,18,22117,3/22/2011,3/29/2011,4/3/2011,1,3578,3578
SO44236,17,28191,3/22/2011,3/29/2011,4/3/2011,1,3578,3578
SO44237,20,17056,3/22/2011,3/29/2011,4/3/2011,1,3578,3578
SO44238,16,17079,3/22/2011,3/29/2011,4/3/2011,1,3578,3578
SO44239,16,12217,3/23/2011,3/30/2011,4/4/2011,1,3578,3578
SO44240,16,13580,3/23/2011,3/30/2011,4/4/2011,1,3578,3578
SO44241,18,28155,3/23/2011,3/30/2011,4/4/2011,1,3578,3578
SO44242,18,28163,3/23/2011,3/30/2011,4/4/2011,1,3578,3578
SO44243,17,17278,3/23/2011,3/30/2011,4/4/2011,1,3578,3578
SO44244,17,17329,3/23/2011,3/30/2011,4/4/2011,1,3578,3578
SO44245,44,25556,3/23/2011,3/30/2011,4/4/2011,1,699,699
SO44246,17,12219,3/24/2011,3/31/2011,4/5/2011,1,3578,3578
SO44247,20,17233,3/24/2011,3/31/2011,4/5/2011,1,3578,3578
SO44248,18,17240,3/24/2011,3/31/2011,4/5/2011,1,3578,3578
SO44249,18,13845,3/25/2011,4/1/2011,4/6/2011,1,3578,3578
SO44250,17,28167,3/25/2011,4/1/2011,4/6/2011,1,3578,3578
SO44251,16,28190,3/25/2011,4/1/2011,4/6/2011,1,3578,3578
SO44252,17,13777,3/26/2011,4/2/2011,4/7/2011,1,3578,3578
SO44253,20,28099,3/26/2011,4/2/2011,4/7/2011,1,3578,3578
SO44254,19,28142,3/26/2011,4/2/2011,4/7/2011,1,3578,3578
SO44255,37,14585,3/26/2011,4/2/2011,4/7/2011,1,699,699
SO44256,17,17232,3/26/2011,4/2/2011,4/7/2011,1,3578,3578
SO44257,18,12212,3/27/2011,4/3/2011,4/8/2011,1,3578,3578
SO44258,20,13579,3/27/2011,4/3/2011,4/8/2011,1,3578,3578
SO44259,17,28171,3/27/2011,4/3/2011,4/8/2011,1,3578,3578
SO44260,17,28194,3/27/2011,4/3/2011,4/8/2011,1,3578,3578
SO44261,17,22112,3/27/2011,4/3/2011,4/8/2011,1,3578,3578
SO44262,46,20149,3/27/2011,4/3/2011,4/8/2011,1,699,699
SO44263,20,17279,3/27/2011,4/3/2011,4/8/2011,1,3578,3578
SO44264,18,17286,3/27/2011,4/3/2011,4/8/2011,1,3578,3578
SO44265,45,25557,3/27/2011,4/3/2011,4/8/2011,1,699,699
SO44266,41,25559,3/27/2011,4/3/2011,4/8/2011,1,699,699
SO44267,41,19339,3/28/2011,4/4/2011,4/9/2011,1,699,699
SO44268,17,13820,3/28/2011,4/4/2011,4/9/2011,1,3578,3578
SO44269,42,14589,3/29/2011,4/5/2011,4/10/2011,1,699,699
SO44270,19,13794,3/30/2011,4/6/2011,4/11/2011,1,3578,3578
SO44271,19,13846,3/30/2011,4/6/2011,4/11/2011,1,3578,3578
SO44272,16,12256,3/30/2011,4/6/2011,4/11/2011,1,3578,3578
SO44273,16,28147,3/30/2011,4/6/2011,4/11/2011,1,3578,3578
SO44274,19,28152,3/30/2011,4/6/2011,4/11/2011,1,3578,3578
SO44275,16,17256,3/30/2011,4/6/2011,4/11/2011,1,3578,3578
SO44276,18,17277,3/30/2011,4/6/2011,4/11/2011,1,3578,3578
SO44277,16,17288,3/30/2011,4/6/2011,4/11/2011,1,3578,3578
SO44278,20,17293,3/30/2011,4/6/2011,4/11/2011,1,3578,3578
SO44279,18,17326,3/30/2011,4/6/2011,4/11/2011,1,3578,3578
SO44320,19,14429,3/31/2011,4/7/2011,4/12/2011,1,3578,3578
SO44321,16,28222,3/31/2011,4/7/2011,4/12/2011,1,3578,3578
SO44322,43,17975,3/31/2011,4/7/2011,4/12/2011,1,699,699
SO44323,7,11072,3/31/2011,4/7/2011,4/12/2011,1,3400,3400
SO44324,16,12267,4/1/2011,4/8/2011,4/13/2011,1,3578,3578
SO44325,6,11095,4/1/2011,4/8/2011,4/13/2011,1,3375,3375
SO44326,17,17728,4/1/2011,4/8/2011,4/13/2011,1,3578,3578
SO44327,19,28598,4/2/2011,4/9/2011,4/14/2011,1,3578,3578
SO44328,20,17921,4/2/2011,4/9/2011,4/14/2011,1,3578,3578
SO44329,16,17904,4/2/2011,4/9/2011,4/14/2011,1,3578,3578
SO44330,17,28199,4/2/2011,4/9/2011,4/14/2011,1,3578,3578
SO44331,16,28257,4/3/2011,4/10/2011,4/15/2011,1,3578,3578
SO44332,20,17510,4/3/2011,4/10/2011,4/15/2011,1,3578,3578
SO44333,8,11343,4/4/2011,4/11/2011,4/16/2011,1,3400,3400
SO44334,16,28273,4/4/2011,4/11/2011,4/16/2011,1,3578,3578
SO44335,47,20165,4/4/2011,4/11/2011,4/16/2011,1,699,699
SO44336,8,25895,4/4/2011,4/11/2011,4/16/2011,1,3400,3400
SO44337,6,11097,4/4/2011,4/11/2011,4/16/2011,1,3375,3375
SO44338,19,18188,4/4/2011,4/11/2011,4/16/2011,1,3578,3578
SO44339,16,18189,4/4/2011,4/11/2011,4/16/2011,1,3578,3578
SO44340,19,17354,4/4/2011,4/11/2011,4/16/2011,1,3578,3578
SO44341,3,25905,4/5/2011,4/12/2011,4/17/2011,1,3375,3375
SO44342,45,14610,4/5/2011,4/12/2011,4/17/2011,1,699,699
SO44343,19,17920,4/5/2011,4/12/2011,4/17/2011,1,3578,3578
SO44344,20,14427,4/6/2011,4/13/2011,4/18/2011,1,3578,3578
SO44345,18,28200,4/6/2011,4/13/2011,4/18/2011,1,3578,3578
SO44346,41,14602,4/6/2011,4/13/2011,4/18/2011,1,699,699
SO44347,17,17911,4/6/2011,4/13/2011,4/18/2011,1,3578,3578
SO44348,18,14159,4/7/2011,4/14/2011,4/19/2011,1,3578,3578
SO44349,16,28243,4/7/2011,4/14/2011,4/19/2011,1,3578,3578
SO44350,17,28244,4/7/2011,4/14/2011,4/19/2011,1,3578,3578
SO44351,19,28271,4/7/2011,4/14/2011,4/19/2011,1,3578,3578
SO44352,16,28297,4/7/2011,4/14/2011,4/19/2011,1,3578,3578
SO44353,42,14591,4/7/2011,4/14/2011,4/19/2011,1,699,699
SO44354,41,14603,4/7/2011,4/14/2011,4/19/2011,1,699,699
SO44355,10,11093,4/7/2011,4/14/2011,4/19/2011,1,3400,3400
SO44356,8,11099,4/7/2011,4/14/2011,4/19/2011,1,3400,3400
SO44357,20,17511,4/7/2011,4/14/2011,4/19/2011,1,3578,3578
SO44358,20,17732,4/7/2011,4/14/2011,4/19/2011,1,3578,3578
SO44359,16,14525,4/8/2011,4/15/2011,4/20/2011,1,3578,3578
SO44360,16,14158,4/8/2011,4/15/2011,4/20/2011,1,3578,3578
SO44361,20,13686,4/8/2011,4/15/2011,4/20/2011,1,3578,3578
SO44362,20,28259,4/8/2011,4/15/2011,4/20/2011,1,3578,3578
SO44363,17,28285,4/8/2011,4/15/2011,4/20/2011,1,3578,3578
SO44364,3,11092,4/8/2011,4/15/2011,4/20/2011,1,3375,3375
SO44365,18,17912,4/8/2011,4/15/2011,4/20/2011,1,3578,3578
SO44366,18,17502,4/8/2011,4/15/2011,4/20/2011,1,3578,3578
SO44367,43,25562,4/8/2011,4/15/2011,4/20/2011,1,699,699
SO44368,19,14150,4/9/2011,4/16/2011,4/21/2011,1,3578,3578
SO44369,20,28250,4/9/2011,4/16/2011,4/21/2011,1,3578,3578
SO44370,18,18193,4/9/2011,4/16/2011,4/21/2011,1,3578,3578
SO44371,16,17514,4/9/2011,4/16/2011,4/21/2011,1,3578,3578
SO44372,20,17736,4/9/2011,4/16/2011,4/21/2011,1,3578,3578
SO44373,20,13767,4/10/2011,4/17/2011,4/22/2011,1,3578,3578
SO44374,20,14157,4/10/2011,4/17/2011,4/22/2011,1,3578,3578
SO44375,20,14183,4/10/2011,4/17/2011,4/22/2011,1,3578,3578
SO44376,4,29399,4/10/2011,4/17/2011,4/22/2011,1,3375,3375
SO44377,20,28234,4/10/2011,4/17/2011,4/22/2011,1,3578,3578
SO44378,4,25903,4/10/2011,4/17/2011,4/22/2011,1,3375,3375
SO44379,6,11080,4/10/2011,4/17/2011,4/22/2011,1,3375,3375
SO44380,20,17915,4/10/2011,4/17/2011,4/22/2011,1,3578,3578
SO44381,18,14191,4/11/2011,4/18/2011,4/23/2011,1,3578,3578
SO44382,10,11341,4/11/2011,4/18/2011,4/23/2011,1,3400,3400
SO44383,20,28268,4/11/2011,4/18/2011,4/23/2011,1,3578,3578
SO44384,16,28296,4/11/2011,4/18/2011,4/23/2011,1,3578,3578
SO44385,19,28298,4/11/2011,4/18/2011,4/23/2011,1,3578,3578
SO44386,17,28587,4/11/2011,4/18/2011,4/23/2011,1,3578,3578
SO44387,6,11096,4/11/2011,4/18/2011,4/23/2011,1,3375,3375
SO44388,20,17924,4/11/2011,4/18/2011,4/23/2011,1,3578,3578
SO44389,18,17925,4/11/2011,4/18/2011,4/23/2011,1,3578,3578
SO44390,19,17353,4/11/2011,4/18/2011,4/23/2011,1,3578,3578
SO44391,18,17730,4/11/2011,4/18/2011,4/23/2011,1,3578,3578
SO44392,19,17910,4/11/2011,4/18/2011,4/23/2011,1,3578,3578
SO44393,8,29398,4/12/2011,4/19/2011,4/24/2011,1,3400,3400
SO44394,18,28246,4/12/2011,4/19/2011,4/24/2011,1,3578,3578
SO44395,19,28339,4/12/2011,4/19/2011,4/24/2011,1,3578,3578
SO44396,8,25901,4/12/2011,4/19/2011,4/24/2011,1,3400,3400
SO44397,44,14596,4/12/2011,4/19/2011,4/24/2011,1,699,699
SO44398,17,17733,4/12/2011,4/19/2011,4/24/2011,1,3578,3578
SO44399,16,28240,4/13/2011,4/20/2011,4/25/2011,1,3578,3578
SO44400,17,28588,4/13/2011,4/20/2011,4/25/2011,1,3578,3578
SO44401,17,17515,4/13/2011,4/20/2011,4/25/2011,1,3578,3578
SO44402,19,13666,4/14/2011,4/21/2011,4/26/2011,1,3578,3578
SO44403,5,19844,4/14/2011,4/21/2011,4/26/2011,1,3375,3375
SO44404,19,28221,4/15/2011,4/22/2011,4/27/2011,1,3578,3578
SO44405,20,28224,4/15/2011,4/22/2011,4/27/2011,1,3578,3578
SO44406,18,28299,4/15/2011,4/22/2011,4/27/2011,1,3578,3578
SO44407,6,11077,4/15/2011,4/22/2011,4/27/2011,1,3375,3375
SO44408,6,11103,4/15/2011,4/22/2011,4/27/2011,1,3375,3375
SO44409,45,25563,4/15/2011,4/22/2011,4/27/2011,1,699,699
SO44410,20,28223,4/16/2011,4/23/2011,4/28/2011,1,3578,3578
SO44411,17,28584,4/16/2011,4/23/2011,4/28/2011,1,3578,3578
SO44412,4,11100,4/16/2011,4/23/2011,4/28/2011,1,3375,3375
SO44413,20,13606,4/17/2011,4/24/2011,4/29/2011,1,3578,3578
SO44414,16,28340,4/17/2011,4/24/2011,4/29/2011,1,3578,3578
SO44415,17,28355,4/17/2011,4/24/2011,4/29/2011,1,3578,3578
SO44416,8,11069,4/17/2011,4/24/2011,4/29/2011,1,3400,3400
SO44417,16,17917,4/17/2011,4/24/2011,4/29/2011,1,3578,3578
SO44418,16,17919,4/17/2011,4/24/2011,4/29/2011,1,3578,3578
SO44419,20,17352,4/17/2011,4/24/2011,4/29/2011,1,3578,3578
SO44420,16,17512,4/17/2011,4/24/2011,4/29/2011,1,3578,3578
SO44421,18,13607,4/18/2011,4/25/2011,4/30/2011,1,3578,3578
SO44422,42,19353,4/18/2011,4/25/2011,4/30/2011,1,699,699
SO44423,18,28586,4/18/2011,4/25/2011,4/30/2011,1,3578,3578
SO44424,17,17916,4/18/2011,4/25/2011,4/30/2011,1,3578,3578
SO44425,16,17504,4/18/2011,4/25/2011,4/30/2011,1,3578,3578
SO44426,19,13770,4/19/2011,4/26/2011,5/1/2011,1,3578,3578
SO44427,19,14146,4/19/2011,4/26/2011,5/1/2011,1,3578,3578
SO44428,18,28362,4/19/2011,4/26/2011,5/1/2011,1,3578,3578
SO44429,19,28583,4/19/2011,4/26/2011,5/1/2011,1,3578,3578
SO44430,18,17927,4/19/2011,4/26/2011,5/1/2011,1,3578,3578
SO44431,17,17725,4/19/2011,4/26/2011,5/1/2011,1,3578,3578
SO44432,19,14165,4/20/2011,4/27/2011,5/2/2011,1,3578,3578
SO44433,17,28270,4/20/2011,4/27/2011,5/2/2011,1,3578,3578
SO44434,20,28580,4/20/2011,4/27/2011,5/2/2011,1,3578,3578
SO44435,17,28573,4/21/2011,4/28/2011,5/3/2011,1,3578,3578
SO44436,46,26630,4/21/2011,4/28/2011,5/3/2011,1,699,699
SO44437,7,11076,4/21/2011,4/28/2011,5/3/2011,1,3400,3400
SO44438,17,17909,4/21/2011,4/28/2011,5/3/2011,1,3578,3578
SO44439,20,14195,4/22/2011,4/29/2011,5/4/2011,1,3578,3578
SO44440,17,12261,4/22/2011,4/29/2011,5/4/2011,1,3578,3578
SO44441,17,22118,4/22/2011,4/29/2011,5/4/2011,1,3578,3578
SO44442,40,14599,4/22/2011,4/29/2011,5/4/2011,1,699,699
SO44443,20,17370,4/22/2011,4/29/2011,5/4/2011,1,3578,3578
SO44444,16,13697,4/24/2011,5/1/2011,5/6/2011,1,3578,3578
SO44445,19,17478,4/25/2011,5/2/2011,5/7/2011,1,3578,3578
SO44446,18,17914,4/25/2011,5/2/2011,5/7/2011,1,3578,3578
SO44447,17,12265,4/26/2011,5/3/2011,5/8/2011,1,3578,3578
SO44448,16,28264,4/26/2011,5/3/2011,5/8/2011,1,3578,3578
SO44449,17,28293,4/26/2011,5/3/2011,5/8/2011,1,3578,3578
SO44450,20,28294,4/26/2011,5/3/2011,5/8/2011,1,3578,3578
SO44451,18,28295,4/26/2011,5/3/2011,5/8/2011,1,3578,3578
SO44452,39,20164,4/26/2011,5/3/2011,5/8/2011,1,699,699
SO44453,20,17923,4/26/2011,5/3/2011,5/8/2011,1,3578,3578
SO44454,20,17926,4/26/2011,5/3/2011,5/8/2011,1,3578,3578
SO44455,17,17513,4/26/2011,5/3/2011,5/8/2011,1,3578,3578
SO44456,45,25560,4/26/2011,5/3/2011,5/8/2011,1,699,699
SO44457,16,28196,4/27/2011,5/4/2011,5/9/2011,1,3578,3578
SO44458,19,28247,4/27/2011,5/4/2011,5/9/2011,1,3578,3578
SO44459,19,28288,4/27/2011,5/4/2011,5/9/2011,1,3578,3578
SO44460,40,20150,4/27/2011,5/4/2011,5/9/2011,1,699,699
SO44461,18,17918,4/27/2011,5/4/2011,5/9/2011,1,3578,3578
SO44462,16,14155,4/28/2011,5/5/2011,5/10/2011,1,3578,3578
SO44463,39,19340,4/28/2011,5/5/2011,5/10/2011,1,699,699
SO44464,19,22120,4/28/2011,5/5/2011,5/10/2011,1,3578,3578
SO44465,45,14613,4/28/2011,5/5/2011,5/10/2011,1,699,699
SO44466,40,26640,4/28/2011,5/5/2011,5/10/2011,1,699,699
SO44467,9,11070,4/28/2011,5/5/2011,5/10/2011,1,3400,3400
SO44468,6,11075,4/28/2011,5/5/2011,5/10/2011,1,3375,3375
SO44469,19,17734,4/28/2011,5/5/2011,5/10/2011,1,3578,3578
SO44470,18,17735,4/28/2011,5/5/2011,5/10/2011,1,3578,3578
SO44471,46,25561,4/28/2011,5/5/2011,5/10/2011,1,699,699
SO44472,17,13685,4/29/2011,5/6/2011,5/11/2011,1,3578,3578
SO44473,17,28255,4/29/2011,5/6/2011,5/11/2011,1,3578,3578
SO44474,44,14601,4/29/2011,5/6/2011,5/11/2011,1,699,699
SO44475,8,11101,4/29/2011,5/6/2011,5/11/2011,1,3400,3400
SO44476,19,17913,4/29/2011,5/6/2011,5/11/2011,1,3578,3578
SO44477,20,17922,4/29/2011,5/6/2011,5/11/2011,1,3578,3578
SO44478,19,17726,4/29/2011,5/6/2011,5/11/2011,1,3578,3578
SO44479,5,29391,4/30/2011,5/7/2011,5/12/2011,1,3375,3375
SO44480,5,25891,4/30/2011,5/7/2011,5/12/2011,1,3375,3375
SO44571,10,29448,5/1/2011,5/8/2011,5/13/2011,1,3400,3400
SO44572,19,28664,5/1/2011,5/8/2011,5/13/2011,1,3578,3578
SO44573,10,25917,5/1/2011,5/8/2011,5/13/2011,1,3400,3400
SO44574,4,11107,5/1/2011,5/8/2011,5/13/2011,1,3375,3375
SO44575,7,11110,5/1/2011,5/8/2011,5/13/2011,1,3400,3400
SO44576,18,28660,5/1/2011,5/8/2011,5/13/2011,1,3578,3578
SO44577,19,28667,5/2/2011,5/9/2011,5/14/2011,1,3578,3578
SO44578,19,28653,5/2/2011,5/9/2011,5/14/2011,1,3578,3578
SO44579,17,28662,5/2/2011,5/9/2011,5/14/2011,1,3578,3578
SO44580,19,13782,5/3/2011,5/10/2011,5/15/2011,1,3578,3578
SO44581,3,11108,5/3/2011,5/10/2011,5/15/2011,1,3375,3375
SO44582,9,11134,5/3/2011,5/10/2011,5/15/2011,1,3400,3400
SO44583,20,18210,5/3/2011,5/10/2011,5/15/2011,1,3578,3578
SO44584,18,28671,5/4/2011,5/11/2011,5/16/2011,1,3578,3578
SO44585,17,28790,5/4/2011,5/11/2011,5/16/2011,1,3578,3578
SO44586,19,28794,5/4/2011,5/11/2011,5/16/2011,1,3578,3578
SO44587,16,28627,5/4/2011,5/11/2011,5/16/2011,1,3578,3578
SO44588,38,26683,5/4/2011,5/11/2011,5/16/2011,1,699,699
SO44589,9,11104,5/4/2011,5/11/2011,5/16/2011,1,3400,3400
SO44590,20,13795,5/5/2011,5/12/2011,5/17/2011,1,3578,3578
SO44591,44,17987,5/5/2011,5/12/2011,5/17/2011,1,699,699
SO44592,19,28761,5/5/2011,5/12/2011,5/17/2011,1,3578,3578
SO44593,18,28645,5/5/2011,5/12/2011,5/17/2011,1,3578,3578
SO44594,20,18250,5/5/2011,5/12/2011,5/17/2011,1,3578,3578
SO44595,8,11124,5/5/2011,5/12/2011,5/17/2011,1,3400,3400
SO44596,18,18238,5/5/2011,5/12/2011,5/17/2011,1,3578,3578
SO44597,20,12290,5/6/2011,5/13/2011,5/18/2011,1,3578,3578
SO44598,3,29400,5/6/2011,5/13/2011,5/18/2011,1,3375,3375
SO44599,20,28792,5/6/2011,5/13/2011,5/18/2011,1,3578,3578
SO44600,19,18243,5/6/2011,5/13/2011,5/18/2011,1,3578,3578
SO44601,8,11117,5/6/2011,5/13/2011,5/18/2011,1,3400,3400
SO44602,19,14702,5/7/2011,5/14/2011,5/19/2011,1,3578,3578
SO44603,38,20167,5/7/2011,5/14/2011,5/19/2011,1,699,699
SO44604,46,19364,5/7/2011,5/14/2011,5/19/2011,1,699,699
SO44605,19,28672,5/7/2011,5/14/2011,5/19/2011,1,3578,3578
SO44606,18,28772,5/7/2011,5/14/2011,5/19/2011,1,3578,3578
SO44607,20,28774,5/7/2011,5/14/2011,5/19/2011,1,3578,3578
SO44608,18,18200,5/7/2011,5/14/2011,5/19/2011,1,3578,3578
SO44609,16,18220,5/7/2011,5/14/2011,5/19/2011,1,3578,3578
SO44610,18,18241,5/7/2011,5/14/2011,5/19/2011,1,3578,3578
SO44611,19,13778,5/8/2011,5/15/2011,5/20/2011,1,3578,3578
SO44612,16,28675,5/8/2011,5/15/2011,5/20/2011,1,3578,3578
SO44613,18,28628,5/8/2011,5/15/2011,5/20/2011,1,3578,3578
SO44614,17,28650,5/8/2011,5/15/2011,5/20/2011,1,3578,3578
SO44615,19,28654,5/8/2011,5/15/2011,5/20/2011,1,3578,3578
SO44616,19,28655,5/8/2011,5/15/2011,5/20/2011,1,3578,3578
SO44617,18,28666,5/8/2011,5/15/2011,5/20/2011,1,3578,3578
SO44618,19,18205,5/8/2011,5/15/2011,5/20/2011,1,3578,3578
SO44619,17,13789,5/9/2011,5/16/2011,5/21/2011,1,3578,3578
SO44620,17,18204,5/9/2011,5/16/2011,5/21/2011,1,3578,3578
SO44621,18,18217,5/9/2011,5/16/2011,5/21/2011,1,3578,3578
SO44622,16,13771,5/9/2011,5/16/2011,5/21/2011,1,3578,3578
SO44623,17,12301,5/10/2011,5/17/2011,5/22/2011,1,3578,3578
SO44624,38,19357,5/10/2011,5/17/2011,5/22/2011,1,699,699
SO44625,19,28658,5/10/2011,5/17/2011,5/22/2011,1,3578,3578
SO44626,18,18272,5/10/2011,5/17/2011,5/22/2011,1,3578,3578
SO44627,4,11109,5/10/2011,5/17/2011,5/22/2011,1,3375,3375
SO44628,3,11356,5/10/2011,5/17/2011,5/22/2011,1,3375,3375
SO44629,16,18209,5/10/2011,5/17/2011,5/22/2011,1,3578,3578
SO44630,17,28765,5/11/2011,5/18/2011,5/23/2011,1,3578,3578
SO44631,20,28629,5/11/2011,5/18/2011,5/23/2011,1,3578,3578
SO44632,19,18196,5/11/2011,5/18/2011,5/23/2011,1,3578,3578
SO44633,20,18203,5/11/2011,5/18/2011,5/23/2011,1,3578,3578
SO44634,16,18213,5/11/2011,5/18/2011,5/23/2011,1,3578,3578
SO44635,20,18218,5/11/2011,5/18/2011,5/23/2011,1,3578,3578
SO44636,19,14705,5/12/2011,5/19/2011,5/24/2011,1,3578,3578
SO44637,16,28644,5/12/2011,5/19/2011,5/24/2011,1,3578,3578
SO44638,20,28651,5/12/2011,5/19/2011,5/24/2011,1,3578,3578
SO44639,44,14617,5/12/2011,5/19/2011,5/24/2011,1,699,699
SO44640,18,18246,5/12/2011,5/19/2011,5/24/2011,1,3578,3578
SO44641,18,18255,5/12/2011,5/19/2011,5/24/2011,1,3578,3578
SO44642,44,25567,5/12/2011,5/19/2011,5/24/2011,1,699,699
SO44643,19,12280,5/13/2011,5/20/2011,5/25/2011,1,3578,3578
SO44644,16,12279,5/13/2011,5/20/2011,5/25/2011,1,3578,3578
SO44645,7,11344,5/13/2011,5/20/2011,5/25/2011,1,3400,3400
SO44646,7,29449,5/13/2011,5/20/2011,5/25/2011,1,3400,3400
SO44647,17,28770,5/13/2011,5/20/2011,5/25/2011,1,3578,3578
SO44648,7,25916,5/13/2011,5/20/2011,5/25/2011,1,3400,3400
SO44649,7,25924,5/13/2011,5/20/2011,5/25/2011,1,3400,3400
SO44650,6,11147,5/13/2011,5/20/2011,5/25/2011,1,3375,3375
SO44651,18,14720,5/14/2011,5/21/2011,5/26/2011,1,3578,3578
SO44652,5,28407,5/14/2011,5/21/2011,5/26/2011,1,3375,3375
SO44653,42,20170,5/14/2011,5/21/2011,5/26/2011,1,699,699
SO44654,18,28619,5/14/2011,5/21/2011,5/26/2011,1,3578,3578
SO44655,9,11105,5/14/2011,5/21/2011,5/26/2011,1,3400,3400
SO44656,16,18275,5/14/2011,5/21/2011,5/26/2011,1,3578,3578
SO44657,5,11120,5/14/2011,5/21/2011,5/26/2011,1,3375,3375
SO44658,17,18201,5/14/2011,5/21/2011,5/26/2011,1,3578,3578
SO44659,18,18208,5/14/2011,5/21/2011,5/26/2011,1,3578,3578
SO44660,20,28775,5/15/2011,5/22/2011,5/27/2011,1,3578,3578
SO44661,41,14639,5/15/2011,5/22/2011,5/27/2011,1,699,699
SO44662,4,11151,5/15/2011,5/22/2011,5/27/2011,1,3375,3375
SO44663,18,18212,5/15/2011,5/22/2011,5/27/2011,1,3578,3578
SO44664,16,18222,5/15/2011,5/22/2011,5/27/2011,1,3578,3578
SO44665,40,25564,5/15/2011,5/22/2011,5/27/2011,1,699,699
SO44666,18,28763,5/16/2011,5/23/2011,5/28/2011,1,3578,3578
SO44667,20,28795,5/16/2011,5/23/2011,5/28/2011,1,3578,3578
SO44668,18,28621,5/16/2011,5/23/2011,5/28/2011,1,3578,3578
SO44669,5,25942,5/16/2011,5/23/2011,5/28/2011,1,3375,3375
SO44670,18,18245,5/16/2011,5/23/2011,5/28/2011,1,3578,3578
SO44671,16,18268,5/16/2011,5/23/2011,5/28/2011,1,3578,3578
SO44672,20,18207,5/16/2011,5/23/2011,5/28/2011,1,3578,3578
SO44673,19,13790,5/17/2011,5/24/2011,5/29/2011,1,3578,3578
SO44674,19,28635,5/17/2011,5/24/2011,5/29/2011,1,3578,3578
SO44675,41,25566,5/17/2011,5/24/2011,5/29/2011,1,699,699
SO44676,17,18198,5/17/2011,5/24/2011,5/29/2011,1,3578,3578
SO44677,20,22233,5/18/2011,5/25/2011,5/30/2011,1,3578,3578
SO44678,20,22121,5/18/2011,5/25/2011,5/30/2011,1,3578,3578
SO44679,9,11106,5/18/2011,5/25/2011,5/30/2011,1,3400,3400
SO44680,17,12296,5/19/2011,5/26/2011,5/31/2011,1,3578,3578
SO44681,38,17982,5/19/2011,5/26/2011,5/31/2011,1,699,699
SO44682,20,28797,5/19/2011,5/26/2011,5/31/2011,1,3578,3578
SO44683,17,28799,5/19/2011,5/26/2011,5/31/2011,1,3578,3578
SO44684,20,28643,5/19/2011,5/26/2011,5/31/2011,1,3578,3578
SO44685,20,18249,5/19/2011,5/26/2011,5/31/2011,1,3578,3578
SO44686,18,14712,5/20/2011,5/27/2011,6/1/2011,1,3578,3578
SO44687,38,20172,5/20/2011,5/27/2011,6/1/2011,1,699,699
SO44688,20,18244,5/20/2011,5/27/2011,6/1/2011,1,3578,3578
SO44689,20,18269,5/20/2011,5/27/2011,6/1/2011,1,3578,3578
SO44690,7,11111,5/20/2011,5/27/2011,6/1/2011,1,3400,3400
SO44691,9,28414,5/21/2011,5/28/2011,6/2/2011,1,3400,3400
SO44692,16,28670,5/21/2011,5/28/2011,6/2/2011,1,3578,3578
SO44693,16,28676,5/21/2011,5/28/2011,6/2/2011,1,3578,3578
SO44694,16,22232,5/21/2011,5/28/2011,6/2/2011,1,3578,3578
SO44695,9,19855,5/21/2011,5/28/2011,6/2/2011,1,3400,3400
SO44696,18,18254,5/21/2011,5/28/2011,6/2/2011,1,3578,3578
SO44697,20,18219,5/22/2011,5/29/2011,6/3/2011,1,3578,3578
SO44698,42,25565,5/22/2011,5/29/2011,6/3/2011,1,699,699
SO44699,18,22234,5/23/2011,5/30/2011,6/4/2011,1,3578,3578
SO44700,19,28769,5/23/2011,5/30/2011,6/4/2011,1,3578,3578
SO44701,41,14636,5/23/2011,5/30/2011,6/4/2011,1,699,699
SO44702,19,18260,5/23/2011,5/30/2011,6/4/2011,1,3578,3578
SO44703,16,12300,5/24/2011,5/31/2011,6/5/2011,1,3578,3578
SO44704,5,29403,5/24/2011,5/31/2011,6/5/2011,1,3375,3375
SO44705,16,28678,5/24/2011,5/31/2011,6/5/2011,1,3578,3578
SO44706,16,28618,5/24/2011,5/31/2011,6/5/2011,1,3578,3578
SO44707,16,28649,5/24/2011,5/31/2011,6/5/2011,1,3578,3578
SO44708,5,25909,5/24/2011,5/31/2011,6/5/2011,1,3375,3375
SO44709,16,18240,5/24/2011,5/31/2011,6/5/2011,1,3578,3578
SO44710,18,28674,5/25/2011,6/1/2011,6/6/2011,1,3578,3578
SO44711,20,18248,5/25/2011,6/1/2011,6/6/2011,1,3578,3578
SO44712,3,11112,5/25/2011,6/1/2011,6/6/2011,1,3375,3375
SO44713,18,22128,5/26/2011,6/2/2011,6/7/2011,1,3578,3578
SO44714,18,28657,5/26/2011,6/2/2011,6/7/2011,1,3578,3578
SO44715,19,22182,5/26/2011,6/2/2011,6/7/2011,1,3578,3578
SO44716,19,22230,5/26/2011,6/2/2011,6/7/2011,1,3578,3578
SO44717,41,14616,5/26/2011,6/2/2011,6/7/2011,1,699,699
SO44718,19,18239,5/26/2011,6/2/2011,6/7/2011,1,3578,3578
SO44719,18,14700,5/27/2011,6/3/2011,6/8/2011,1,3578,3578
SO44720,16,28625,5/27/2011,6/3/2011,6/8/2011,1,3578,3578
SO44721,38,26643,5/27/2011,6/3/2011,6/8/2011,1,699,699
SO44722,20,13774,5/28/2011,6/4/2011,6/9/2011,1,3578,3578
SO44723,8,29410,5/28/2011,6/4/2011,6/9/2011,1,3400,3400
SO44724,19,28665,5/28/2011,6/4/2011,6/9/2011,1,3578,3578
SO44725,8,25910,5/28/2011,6/4/2011,6/9/2011,1,3400,3400
SO44726,39,14614,5/28/2011,6/4/2011,6/9/2011,1,699,699
SO44727,18,18273,5/28/2011,6/4/2011,6/9/2011,1,3578,3578
SO44728,7,11126,5/28/2011,6/4/2011,6/9/2011,1,3400,3400
SO44729,20,12307,5/29/2011,6/5/2011,6/10/2011,1,3578,3578
SO44730,16,14697,5/29/2011,6/5/2011,6/10/2011,1,3578,3578
SO44731,17,28661,5/29/2011,6/5/2011,6/10/2011,1,3578,3578
SO44732,17,18251,5/29/2011,6/5/2011,6/10/2011,1,3578,3578
SO44733,18,18214,5/29/2011,6/5/2011,6/10/2011,1,3578,3578
SO44734,18,12285,5/30/2011,6/6/2011,6/11/2011,1,3578,3578
SO44735,16,28673,5/30/2011,6/6/2011,6/11/2011,1,3578,3578
SO44736,43,14634,5/30/2011,6/6/2011,6/11/2011,1,699,699
SO44737,19,18242,5/30/2011,6/6/2011,6/11/2011,1,3578,3578
SO44738,18,18252,5/30/2011,6/6/2011,6/11/2011,1,3578,3578
SO44739,17,18202,5/30/2011,6/6/2011,6/11/2011,1,3578,3578
SO44803,20,12383,5/31/2011,6/7/2011,6/12/2011,1,3578,3578
SO44804,20,28829,5/31/2011,6/7/2011,6/12/2011,1,3578,3578
SO44805,19,29011,5/31/2011,6/7/2011,6/12/2011,1,3578,3578
SO44806,16,18452,5/31/2011,6/7/2011,6/12/2011,1,3578,3578
SO44807,5,11365,5/31/2011,6/7/2011,6/12/2011,1,3375,3375
SO44808,16,13836,6/1/2011,6/8/2011,6/13/2011,1,3578,3578
SO44809,38,20552,6/1/2011,6/8/2011,6/13/2011,1,699,699
SO44810,16,29126,6/1/2011,6/8/2011,6/13/2011,1,3578,3578
SO44811,16,22732,6/1/2011,6/8/2011,6/13/2011,1,3578,3578
SO44812,19,28988,6/1/2011,6/8/2011,6/13/2011,1,3578,3578
SO44813,17,18695,6/1/2011,6/8/2011,6/13/2011,1,3578,3578
SO44814,18,18281,6/1/2011,6/8/2011,6/13/2011,1,3578,3578
SO44815,6,11444,6/1/2011,6/8/2011,6/13/2011,1,3375,3375
SO44816,17,12321,6/2/2011,6/9/2011,6/14/2011,1,3578,3578
SO44817,17,14777,6/2/2011,6/9/2011,6/14/2011,1,3578,3578
SO44818,18,28827,6/2/2011,6/9/2011,6/14/2011,1,3578,3578
SO44819,18,28853,6/2/2011,6/9/2011,6/14/2011,1,3578,3578
SO44820,5,25972,6/2/2011,6/9/2011,6/14/2011,1,3375,3375
SO44821,8,25975,6/2/2011,6/9/2011,6/14/2011,1,3400,3400
SO44822,16,18486,6/2/2011,6/9/2011,6/14/2011,1,3578,3578
SO44823,18,18488,6/2/2011,6/9/2011,6/14/2011,1,3578,3578
SO44824,17,18694,6/2/2011,6/9/2011,6/14/2011,1,3578,3578
SO44825,17,18309,6/2/2011,6/9/2011,6/14/2011,1,3578,3578
SO44826,19,12308,6/3/2011,6/10/2011,6/15/2011,1,3578,3578
SO44827,7,25973,6/3/2011,6/10/2011,6/15/2011,1,3400,3400
SO44828,17,28997,6/3/2011,6/10/2011,6/15/2011,1,3578,3578
SO44829,40,14643,6/3/2011,6/10/2011,6/15/2011,1,699,699
SO44830,19,18337,6/3/2011,6/10/2011,6/15/2011,1,3578,3578
SO44831,5,29467,6/4/2011,6/11/2011,6/16/2011,1,3375,3375
SO44832,16,28804,6/4/2011,6/11/2011,6/16/2011,1,3578,3578
SO44833,20,28842,6/4/2011,6/11/2011,6/16/2011,1,3578,3578
SO44834,5,25952,6/4/2011,6/11/2011,6/16/2011,1,3375,3375
SO44835,16,18338,6/4/2011,6/11/2011,6/16/2011,1,3578,3578
SO44836,19,18465,6/4/2011,6/11/2011,6/16/2011,1,3578,3578
SO44837,17,13808,6/5/2011,6/12/2011,6/17/2011,1,3578,3578
SO44838,16,14138,6/5/2011,6/12/2011,6/17/2011,1,3578,3578
SO44839,19,28825,6/5/2011,6/12/2011,6/17/2011,1,3578,3578
SO44840,19,28857,6/5/2011,6/12/2011,6/17/2011,1,3578,3578
SO44841,19,18335,6/5/2011,6/12/2011,6/17/2011,1,3578,3578
SO44842,20,14140,6/6/2011,6/13/2011,6/18/2011,1,3578,3578
SO44843,17,29058,6/6/2011,6/13/2011,6/18/2011,1,3578,3578
SO44844,19,29139,6/6/2011,6/13/2011,6/18/2011,1,3578,3578
SO44845,18,28845,6/6/2011,6/13/2011,6/18/2011,1,3578,3578
SO44846,19,18334,6/6/2011,6/13/2011,6/18/2011,1,3578,3578
SO44847,9,11445,6/6/2011,6/13/2011,6/18/2011,1,3400,3400
SO44848,3,28418,6/7/2011,6/14/2011,6/19/2011,1,3375,3375
SO44849,46,17996,6/7/2011,6/14/2011,6/19/2011,1,699,699
SO44850,41,19417,6/7/2011,6/14/2011,6/19/2011,1,699,699
SO44851,20,22299,6/7/2011,6/14/2011,6/19/2011,1,3578,3578
SO44852,16,29128,6/7/2011,6/14/2011,6/19/2011,1,3578,3578
SO44853,3,19874,6/7/2011,6/14/2011,6/19/2011,1,3375,3375
SO44854,16,29004,6/7/2011,6/14/2011,6/19/2011,1,3578,3578
SO44855,45,26692,6/7/2011,6/14/2011,6/19/2011,1,699,699
SO44856,43,14651,6/7/2011,6/14/2011,6/19/2011,1,699,699
SO44857,20,18484,6/7/2011,6/14/2011,6/19/2011,1,3578,3578
SO44858,17,18487,6/7/2011,6/14/2011,6/19/2011,1,3578,3578
SO44859,20,18495,6/7/2011,6/14/2011,6/19/2011,1,3578,3578
SO44860,20,18693,6/7/2011,6/14/2011,6/19/2011,1,3578,3578
SO44861,19,18288,6/7/2011,6/14/2011,6/19/2011,1,3578,3578
SO44862,18,18457,6/7/2011,6/14/2011,6/19/2011,1,3578,3578
SO44863,20,18467,6/7/2011,6/14/2011,6/19/2011,1,3578,3578
SO44864,3,11364,6/7/2011,6/14/2011,6/19/2011,1,3375,3375
SO44865,6,11372,6/7/2011,6/14/2011,6/19/2011,1,3375,3375
SO44866,5,11443,6/7/2011,6/14/2011,6/19/2011,1,3375,3375
SO44867,18,14793,6/8/2011,6/15/2011,6/20/2011,1,3578,3578
SO44868,18,28852,6/8/2011,6/15/2011,6/20/2011,1,3578,3578
SO44869,17,18700,6/8/2011,6/15/2011,6/20/2011,1,3578,3578
SO44870,16,18301,6/8/2011,6/15/2011,6/20/2011,1,3578,3578
SO44871,8,11363,6/8/2011,6/15/2011,6/20/2011,1,3400,3400
SO44872,17,29111,6/9/2011,6/16/2011,6/21/2011,1,3578,3578
SO44873,17,28828,6/9/2011,6/16/2011,6/21/2011,1,3578,3578
SO44874,45,18004,6/10/2011,6/17/2011,6/22/2011,1,699,699
SO44875,18,29048,6/10/2011,6/17/2011,6/22/2011,1,3578,3578
SO44876,17,29056,6/10/2011,6/17/2011,6/22/2011,1,3578,3578
SO44877,16,29136,6/10/2011,6/17/2011,6/22/2011,1,3578,3578
SO44878,16,28807,6/10/2011,6/17/2011,6/22/2011,1,3578,3578
SO44879,20,28833,6/10/2011,6/17/2011,6/22/2011,1,3578,3578
SO44880,16,18470,6/10/2011,6/17/2011,6/22/2011,1,3578,3578
SO44881,18,18496,6/10/2011,6/17/2011,6/22/2011,1,3578,3578
SO44882,16,18703,6/10/2011,6/17/2011,6/22/2011,1,3578,3578
SO44883,19,18296,6/10/2011,6/17/2011,6/22/2011,1,3578,3578
SO44884,17,18308,6/10/2011,6/17/2011,6/22/2011,1,3578,3578
SO44885,20,14833,6/11/2011,6/18/2011,6/23/2011,1,3578,3578
SO44886,19,29108,6/11/2011,6/18/2011,6/23/2011,1,3578,3578
SO44887,20,28821,6/11/2011,6/18/2011,6/23/2011,1,3578,3578
SO44888,20,28838,6/11/2011,6/18/2011,6/23/2011,1,3578,3578
SO44889,3,11351,6/12/2011,6/19/2011,6/24/2011,1,3375,3375
SO44890,9,11381,6/12/2011,6/19/2011,6/24/2011,1,3400,3400
SO44891,20,28847,6/12/2011,6/19/2011,6/24/2011,1,3578,3578
SO44892,18,22267,6/12/2011,6/19/2011,6/24/2011,1,3578,3578
SO44893,19,28856,6/12/2011,6/19/2011,6/24/2011,1,3578,3578
SO44894,3,25943,6/12/2011,6/19/2011,6/24/2011,1,3375,3375
SO44895,6,25951,6/12/2011,6/19/2011,6/24/2011,1,3375,3375
SO44896,9,25964,6/12/2011,6/19/2011,6/24/2011,1,3400,3400
SO44897,19,18696,6/12/2011,6/19/2011,6/24/2011,1,3578,3578
SO44898,20,18307,6/12/2011,6/19/2011,6/24/2011,1,3578,3578
SO44899,6,11353,6/12/2011,6/19/2011,6/24/2011,1,3375,3375
SO44900,19,14778,6/13/2011,6/20/2011,6/25/2011,1,3578,3578
SO44901,18,12332,6/13/2011,6/20/2011,6/25/2011,1,3578,3578
SO44902,19,13829,6/13/2011,6/20/2011,6/25/2011,1,3578,3578
SO44903,18,18284,6/13/2011,6/20/2011,6/25/2011,1,3578,3578
SO44904,5,11359,6/13/2011,6/20/2011,6/25/2011,1,3375,3375
SO44905,17,13822,6/14/2011,6/21/2011,6/26/2011,1,3578,3578
SO44906,16,14832,6/14/2011,6/21/2011,6/26/2011,1,3578,3578
SO44907,47,19415,6/14/2011,6/21/2011,6/26/2011,1,699,699
SO44908,19,29032,6/14/2011,6/21/2011,6/26/2011,1,3578,3578
SO44909,20,28840,6/14/2011,6/21/2011,6/26/2011,1,3578,3578
SO44910,7,25969,6/14/2011,6/21/2011,6/26/2011,1,3400,3400
SO44911,4,25976,6/14/2011,6/21/2011,6/26/2011,1,3375,3375
SO44912,20,28966,6/14/2011,6/21/2011,6/26/2011,1,3578,3578
SO44913,16,18468,6/14/2011,6/21/2011,6/26/2011,1,3578,3578
SO44914,16,18491,6/14/2011,6/21/2011,6/26/2011,1,3578,3578
SO44915,17,18461,6/14/2011,6/21/2011,6/26/2011,1,3578,3578
SO44916,16,18463,6/14/2011,6/21/2011,6/26/2011,1,3578,3578
SO44917,20,13842,6/15/2011,6/22/2011,6/27/2011,1,3578,3578
SO44918,5,29466,6/15/2011,6/22/2011,6/27/2011,1,3375,3375
SO44919,20,29017,6/15/2011,6/22/2011,6/27/2011,1,3578,3578
SO44920,36,14648,6/15/2011,6/22/2011,6/27/2011,1,699,699
SO44921,17,18489,6/15/2011,6/22/2011,6/27/2011,1,3578,3578
SO44922,19,18277,6/15/2011,6/22/2011,6/27/2011,1,3578,3578
SO44923,17,18336,6/15/2011,6/22/2011,6/27/2011,1,3578,3578
SO44924,20,28830,6/16/2011,6/23/2011,6/28/2011,1,3578,3578
SO44925,18,18493,6/16/2011,6/23/2011,6/28/2011,1,3578,3578
SO44926,43,25706,6/16/2011,6/23/2011,6/28/2011,1,699,699
SO44927,3,11448,6/16/2011,6/23/2011,6/28/2011,1,3375,3375
SO44928,19,14843,6/17/2011,6/24/2011,6/29/2011,1,3578,3578
SO44929,17,12398,6/17/2011,6/24/2011,6/29/2011,1,3578,3578
SO44930,17,29110,6/17/2011,6/24/2011,6/29/2011,1,3578,3578
SO44931,17,28849,6/17/2011,6/24/2011,6/29/2011,1,3578,3578
SO44932,17,18303,6/17/2011,6/24/2011,6/29/2011,1,3578,3578
SO44933,17,18276,6/17/2011,6/24/2011,6/29/2011,1,3578,3578
SO44934,17,14771,6/18/2011,6/25/2011,6/30/2011,1,3578,3578
SO44935,17,12333,6/18/2011,6/25/2011,6/30/2011,1,3578,3578
SO44936,17,29044,6/18/2011,6/25/2011,6/30/2011,1,3578,3578
SO44937,16,22251,6/18/2011,6/25/2011,6/30/2011,1,3578,3578
SO44938,19,28851,6/18/2011,6/25/2011,6/30/2011,1,3578,3578
SO44939,19,28993,6/18/2011,6/25/2011,6/30/2011,1,3578,3578
SO44940,16,18490,6/18/2011,6/25/2011,6/30/2011,1,3578,3578
SO44941,20,18697,6/18/2011,6/25/2011,6/30/2011,1,3578,3578
SO44942,20,18701,6/18/2011,6/25/2011,6/30/2011,1,3578,3578
SO44943,44,25568,6/18/2011,6/25/2011,6/30/2011,1,699,699
SO44944,39,25707,6/18/2011,6/25/2011,6/30/2011,1,699,699
SO44945,46,25710,6/18/2011,6/25/2011,6/30/2011,1,699,699
SO44946,4,11357,6/18/2011,6/25/2011,6/30/2011,1,3375,3375
SO44947,9,11446,6/18/2011,6/25/2011,6/30/2011,1,3400,3400
SO44948,17,12395,6/19/2011,6/26/2011,7/1/2011,1,3578,3578
SO44949,4,29474,6/19/2011,6/26/2011,7/1/2011,1,3375,3375
SO44950,18,28835,6/19/2011,6/26/2011,7/1/2011,1,3578,3578
SO44951,16,28843,6/19/2011,6/26/2011,7/1/2011,1,3578,3578
SO44952,4,25955,6/19/2011,6/26/2011,7/1/2011,1,3375,3375
SO44953,17,28859,6/19/2011,6/26/2011,7/1/2011,1,3578,3578
SO44954,20,28990,6/19/2011,6/26/2011,7/1/2011,1,3578,3578
SO44955,38,25709,6/19/2011,6/26/2011,7/1/2011,1,699,699
SO44956,6,11449,6/19/2011,6/26/2011,7/1/2011,1,3375,3375
SO44957,20,22247,6/20/2011,6/27/2011,7/2/2011,1,3578,3578
SO44958,39,20173,6/20/2011,6/27/2011,7/2/2011,1,699,699
SO44959,17,29019,6/20/2011,6/27/2011,7/2/2011,1,3578,3578
SO44960,19,22373,6/20/2011,6/27/2011,7/2/2011,1,3578,3578
SO44961,18,29060,6/20/2011,6/27/2011,7/2/2011,1,3578,3578
SO44962,20,28831,6/20/2011,6/27/2011,7/2/2011,1,3578,3578
SO44963,9,25974,6/20/2011,6/27/2011,7/2/2011,1,3400,3400
SO44964,40,14647,6/20/2011,6/27/2011,7/2/2011,1,699,699
SO44965,39,14649,6/20/2011,6/27/2011,7/2/2011,1,699,699
SO44966,19,18458,6/20/2011,6/27/2011,7/2/2011,1,3578,3578
SO44967,20,14794,6/21/2011,6/28/2011,7/3/2011,1,3578,3578
SO44968,38,19365,6/21/2011,6/28/2011,7/3/2011,1,699,699
SO44969,17,22713,6/21/2011,6/28/2011,7/3/2011,1,3578,3578
SO44970,17,28820,6/21/2011,6/28/2011,7/3/2011,1,3578,3578
SO44971,18,28989,6/21/2011,6/28/2011,7/3/2011,1,3578,3578
SO44972,16,29016,6/21/2011,6/28/2011,7/3/2011,1,3578,3578
SO44973,19,18482,6/21/2011,6/28/2011,7/3/2011,1,3578,3578
SO44974,17,14776,6/22/2011,6/29/2011,7/4/2011,1,3578,3578
SO44975,16,28823,6/22/2011,6/29/2011,7/4/2011,1,3578,3578
SO44976,16,28824,6/22/2011,6/29/2011,7/4/2011,1,3578,3578
SO44977,18,29010,6/22/2011,6/29/2011,7/4/2011,1,3578,3578
SO44978,46,14652,6/22/2011,6/29/2011,7/4/2011,1,699,699
SO44979,20,18469,6/22/2011,6/29/2011,7/4/2011,1,3578,3578
SO44980,20,18699,6/22/2011,6/29/2011,7/4/2011,1,3578,3578
SO44981,20,18462,6/22/2011,6/29/2011,7/4/2011,1,3578,3578
SO44982,17,29132,6/23/2011,6/30/2011,7/5/2011,1,3578,3578
SO44983,20,22252,6/23/2011,6/30/2011,7/5/2011,1,3578,3578
SO44984,19,29008,6/23/2011,6/30/2011,7/5/2011,1,3578,3578
SO44985,16,18692,6/23/2011,6/30/2011,7/5/2011,1,3578,3578
SO44986,43,25708,6/23/2011,6/30/2011,7/5/2011,1,699,699
SO44987,19,12323,6/24/2011,7/1/2011,7/6/2011,1,3578,3578
SO44988,36,17999,6/24/2011,7/1/2011,7/6/2011,1,699,699
SO44989,16,28854,6/24/2011,7/1/2011,7/6/2011,1,3578,3578
SO44990,36,14645,6/24/2011,7/1/2011,7/6/2011,1,699,699
SO44991,19,18698,6/24/2011,7/1/2011,7/6/2011,1,3578,3578
SO44992,16,18464,6/24/2011,7/1/2011,7/6/2011,1,3578,3578
SO44993,5,11368,6/24/2011,7/1/2011,7/6/2011,1,3375,3375
SO44994,16,28805,6/25/2011,7/2/2011,7/7/2011,1,3578,3578
SO44995,18,28841,6/25/2011,7/2/2011,7/7/2011,1,3578,3578
SO44996,4,25970,6/25/2011,7/2/2011,7/7/2011,1,3375,3375
SO44997,20,28870,6/25/2011,7/2/2011,7/7/2011,1,3578,3578
SO44998,37,14646,6/25/2011,7/2/2011,7/7/2011,1,699,699
SO44999,16,18485,6/25/2011,7/2/2011,7/7/2011,1,3578,3578
SO45000,17,18297,6/25/2011,7/2/2011,7/7/2011,1,3578,3578
SO45001,17,18302,6/25/2011,7/2/2011,7/7/2011,1,3578,3578
SO45002,17,13844,6/26/2011,7/3/2011,7/8/2011,1,3578,3578
SO45003,19,29059,6/26/2011,7/3/2011,7/8/2011,1,3578,3578
SO45004,19,29106,6/26/2011,7/3/2011,7/8/2011,1,3578,3578
SO45005,17,28844,6/26/2011,7/3/2011,7/8/2011,1,3578,3578
SO45006,17,12373,6/27/2011,7/4/2011,7/9/2011,1,3578,3578
SO45007,20,14137,6/27/2011,7/4/2011,7/9/2011,1,3578,3578
SO45008,18,14831,6/27/2011,7/4/2011,7/9/2011,1,3578,3578
SO45009,36,19387,6/27/2011,7/4/2011,7/9/2011,1,699,699
SO45010,18,28869,6/27/2011,7/4/2011,7/9/2011,1,3578,3578
SO45011,18,22268,6/27/2011,7/4/2011,7/9/2011,1,3578,3578
SO45012,38,14650,6/27/2011,7/4/2011,7/9/2011,1,699,699
SO45013,20,18483,6/27/2011,7/4/2011,7/9/2011,1,3578,3578
SO45014,46,25705,6/27/2011,7/4/2011,7/9/2011,1,699,699
SO45015,9,11360,6/27/2011,7/4/2011,7/9/2011,1,3400,3400
SO45016,20,14770,6/28/2011,7/5/2011,7/10/2011,1,3578,3578
SO45017,17,28826,6/28/2011,7/5/2011,7/10/2011,1,3578,3578
SO45018,18,18494,6/28/2011,7/5/2011,7/10/2011,1,3578,3578
SO45019,18,18691,6/28/2011,7/5/2011,7/10/2011,1,3578,3578
SO45020,16,18332,6/28/2011,7/5/2011,7/10/2011,1,3578,3578
SO45021,3,11358,6/28/2011,7/5/2011,7/10/2011,1,3375,3375
SO45022,5,11447,6/28/2011,7/5/2011,7/10/2011,1,3375,3375
SO45023,20,13807,6/28/2011,7/5/2011,7/10/2011,1,3578,3578
SO45024,7,29475,6/29/2011,7/6/2011,7/11/2011,1,3400,3400
